PathwayID	Gene1
R-HSA-164843	BANF1
R-HSA-9909438	MCCC1
R-HSA-9916722	HIBCH
R-HSA-9914274	AUH
R-HSA-73843	PRPS1
R-HSA-5619084	ABCA1
R-HSA-1369062	ABCA12
R-HSA-382556	ABCA12
R-HSA-9033807	FUT1
R-HSA-9660821	ADCY1
R-HSA-418592	GNA11
R-HSA-392170	GNAI1
R-HSA-198323	AKT1
R-HSA-198693	AKT1
R-HSA-211163	AKT1
R-HSA-9700645	ALK
R-HSA-112122	ALKBH2
R-HSA-112126	ALKBH3
R-HSA-163680	ADIPOQ
R-HSA-5467333	APC
R-HSA-5467337	AMER1
R-HSA-179409	ANAPC1
R-HSA-174143	ADRM1
R-HSA-174048	ANAPC1
R-HSA-174154	ADRM1
R-HSA-176409	ADRM1
R-HSA-174178	ADRM1
R-HSA-179419	ADRM1
R-HSA-5649702	LIG3
R-HSA-180689	APOBEC3G
R-HSA-5624958	ARL13B
R-HSA-170984	BRAF
R-HSA-9717264	ALK
R-HSA-380994	ASNS
R-HSA-381183	ATF4
R-HSA-381033	ATF4
R-HSA-8874177	ATF6B
R-HSA-1296025	ABCC8
R-HSA-9932444	ACTB
R-HSA-450408	ADRM1
R-HSA-8854518	ACTR1A
R-HSA-5467340	AMER1
R-HSA-2161522	ABCB1
R-HSA-2161541	ADH1A
R-HSA-2161517	ABCB1
R-HSA-73930	APEX1
R-HSA-9659787	CCND1
R-HSA-9687139	ANAPC1
R-HSA-9687136	ANAPC1
R-HSA-2978092	IDH1
R-HSA-167242	CTDP1
R-HSA-156582	NAT2
R-HSA-264642	CHAT
R-HSA-181431	CHRNA1
R-HSA-9667769	CHRNA10
R-HSA-399997	CHRM3
R-HSA-1300645	ACR
R-HSA-2122948	ADAM10
R-HSA-9032845	BDNF
R-HSA-9028731	BDNF
R-HSA-9032500	BDNF
R-HSA-9028335	BDNF
R-HSA-9026527	BDNF
R-HSA-9026519	BDNF
R-HSA-9603381	IRS1
R-HSA-9034793	NTF3
R-HSA-9034864	GRB2
R-HSA-5625886	AR
R-HSA-2033519	FGF1
R-HSA-111452	BAK1
R-HSA-165158	AKT2
R-HSA-399710	GRIA1
R-HSA-9619483	CALM1
R-HSA-176814	ADRM1
R-HSA-176187	ATR
R-HSA-111447	AKT1
R-HSA-114452	AKT1
R-HSA-111446	BCL2L11
R-HSA-139910	BMF
R-HSA-174577	C2
R-HSA-451308	CALM1
R-HSA-1296041	GABBR1
R-HSA-991365	ADCY1
R-HSA-5619507	AJUBA
R-HSA-936964	CD14
R-HSA-1592389	CMA1
R-HSA-1169091	ADRM1
R-HSA-2980767	CCNB1
R-HSA-442755	ACTN2
R-HSA-111448	E2F1
R-HSA-451307	GRIK1
R-HSA-2151209	MAPK11
R-HSA-139915	BBC3
R-HSA-428540	NCK1
R-HSA-9619229	ARHGEF7
R-HSA-1169092	HRAS
R-HSA-5635838	ARRB1
R-HSA-187015	ADCYAP1
R-HSA-5617472	AJUBA
R-HSA-111459	APAF1
R-HSA-2426168	ACACA
R-HSA-451326	CALM1
R-HSA-450341	ATF2
R-HSA-8866907	CITED1
R-HSA-72662	EIF1AX
R-HSA-2485179	CNGA1
R-HSA-68962	CDC45
R-HSA-75108	BID
R-HSA-114294	BAX
R-HSA-1482798	HADHA
R-HSA-1482883	DGAT1
R-HSA-1482788	LPCAT1
R-HSA-1482839	LPCAT3
R-HSA-1482925	CRLS1
R-HSA-1482922	MBOAT7
R-HSA-1482801	LPCAT3
R-HSA-1280218	ACTR10
R-HSA-417973	ADORA1
R-HSA-170660	ADCY1
R-HSA-170670	ADCY1
R-HSA-418990	ACTA1
R-HSA-9843745	ADIPOQ
R-HSA-392023	ADRA2A
R-HSA-400042	ADCY5
R-HSA-390696	ADRA1A
R-HSA-879415	AGER
R-HSA-1428517	ACAD9
R-HSA-5423646	ACY1
R-HSA-9646399	ARL13B
R-HSA-351143	AGMAT
R-HSA-8964540	GPT
R-HSA-1462054	ART1
R-HSA-389599	ALDH3A2
R-HSA-9645460	MAP3K7
R-HSA-9006821	ATRX
R-HSA-173736	C3
R-HSA-140179	MAOA
R-HSA-375280	ADRA1A
R-HSA-156587	ACSM1
R-HSA-352230	SLC16A10
R-HSA-9639288	ATP6V0B
R-HSA-141444	AHCTF1
R-HSA-141424	AHCTF1
R-HSA-977225	ADAM10
R-HSA-2214320	BMP1
R-HSA-5620912	ACTR1A
R-HSA-193048	CGA
R-HSA-2473224	FST
R-HSA-9662851	ADAM17
R-HSA-983170	ATG14
R-HSA-983695	AHCYL1
R-HSA-1236975	ADRM1
R-HSA-9912633	PSMA1
R-HSA-983168	ADRM1
R-HSA-6803157	ART1
R-HSA-1169410	AAAS
R-HSA-109581	ACIN1
R-HSA-140342	CASP3
R-HSA-351906	CASP3
R-HSA-111465	ACIN1
R-HSA-75153	ACIN1
R-HSA-111471	APAF1
R-HSA-445717	ADCY1
R-HSA-2142753	ABCC1
R-HSA-426048	ABHD12
R-HSA-211957	CYP1A2
R-HSA-8937144	AHR
R-HSA-446203	ACTR10
R-HSA-8963693	ASNS
R-HSA-9749641	ABCC2
R-HSA-175474	FURIN
R-HSA-9609736	ACTN2
R-HSA-9820962	HSP90AA1
R-HSA-168316	CALR
R-HSA-8963889	ANGPTL3
R-HSA-2022090	BMP1
R-HSA-68616	H2AFX
R-HSA-68867	ADRM1
R-HSA-390471	AP3M1
R-HSA-210455	GLUL
R-HSA-4608870	ADRM1
R-HSA-9754706	ABCB1
R-HSA-9678110	ACE2
R-HSA-9694614	ACE2
R-HSA-162791	GPAA1
R-HSA-9638630	COL4A1
R-HSA-3371568	COL4A6
R-HSA-174084	ADRM1
R-HSA-349425	ADRM1
R-HSA-177539	BANF1
R-HSA-9612973	AMBRA1
R-HSA-422475	ABL1
R-HSA-193634	ARHGDIA
R-HSA-209563	ARHGDIA
R-HSA-9748787	ABCC4
R-HSA-5250924	ACTB
R-HSA-5620922	BBIP1
R-HSA-9859138	BCKDHA
R-HSA-9024909	BDNF
R-HSA-111453	BAD
R-HSA-1368108	ARNTL
R-HSA-9824439	ANTXR1
R-HSA-73884	ACD
R-HSA-73929	ACD
R-HSA-210991	ATP1B1
R-HSA-1461957	CCR2
R-HSA-77352	ACADS
R-HSA-77346	ACADM
R-HSA-77350	ACADS
R-HSA-77310	ACADL
R-HSA-77285	ACADL
R-HSA-77348	ACADM
R-HSA-77305	ACADVL
R-HSA-3858494	ADRM1
R-HSA-196299	AMER1
R-HSA-9915355	ACAT1
R-HSA-389887	ACOT8
R-HSA-390247	ABCD1
R-HSA-425381	AHCYL2
R-HSA-194068	ABCB11
R-HSA-2173782	ALB
R-HSA-173107	CCR5
R-HSA-4411364	AXIN2
R-HSA-9931953	COL4A1
R-HSA-141333	MAOA
R-HSA-211859	AADAC
R-HSA-2466712	NAPEPLD
R-HSA-9018676	ALOX5
R-HSA-9018677	ALOX12
R-HSA-9026395	GSTM4
R-HSA-9018683	ALOX12
R-HSA-9025094	ALOX12
R-HSA-9026403	ALOX5
R-HSA-9026290	ALOX12
R-HSA-9026286	ALOX15
R-HSA-9025106	ALOX12
R-HSA-9023661	ALOX15
R-HSA-9018896	ALOX15
R-HSA-9018679	ALOX15
R-HSA-2142700	ALOX12
R-HSA-9020265	ALOX5
R-HSA-9027604	ALOX5
R-HSA-9026762	GSTM4
R-HSA-9027307	CYP1A2
R-HSA-9018682	ALOX5
R-HSA-9026766	LTC4S
R-HSA-9018681	ALOX15
R-HSA-9018678	ALOX12
R-HSA-446193	ALG1
R-HSA-196780	ACACA
R-HSA-9636467	ATP6V1H
R-HSA-9033658	B3GALT1
R-HSA-70895	ACAD8
R-HSA-9912481	BCKDHA
R-HSA-352238	CASP6
R-HSA-162588	CHMP2A
R-HSA-450385	AKT1
R-HSA-8851680	BTN1A1
R-HSA-5621481	ADRM1
R-HSA-75102	ADAR
R-HSA-5218900	CASP8
R-HSA-9662834	ADAM17
R-HSA-5621575	CD209
R-HSA-5690714	CD22
R-HSA-389357	AKT1
R-HSA-389359	CD28
R-HSA-9013148	ABR
R-HSA-68689	CDC6
R-HSA-9833576	CDH11
R-HSA-69017	ADRM1
R-HSA-447041	ANK1
R-HSA-5607763	AHCYL1
R-HSA-5607764	ADRM1
R-HSA-5660668	CASP8
R-HSA-6811434	ARCN1
R-HSA-6811436	ACTR10
R-HSA-6807878	ACTR10
R-HSA-204005	ANKRD28
R-HSA-140180	PTGS1
R-HSA-199920	ATF1
R-HSA-442742	ACTN2
R-HSA-442720	ADCY1
R-HSA-442729	CALM1
R-HSA-8874211	CREB3
R-HSA-399956	CDK5
R-HSA-2022870	BCAN
R-HSA-2024101	ARSB
R-HSA-5358747	AMER1
R-HSA-5358749	AMER1
R-HSA-5358751	AMER1
R-HSA-5358752	AMER1
R-HSA-211999	CYP2A13
R-HSA-111996	ADCY1
R-HSA-1296052	KCNMA1
R-HSA-4086398	AGO1
R-HSA-111997	ADCY1
R-HSA-111932	CALM1
R-HSA-2025928	CALM1
R-HSA-419812	ADM
R-HSA-111933	ADCY1
R-HSA-901042	AMFR
R-HSA-111957	CALM1
R-HSA-72737	EIF1AX
R-HSA-8955332	AGBL2
R-HSA-5576891	ABCC9
R-HSA-9733709	CTNNB1
R-HSA-5694530	CD59
R-HSA-8856825	AAK1
R-HSA-5620920	ARF4
R-HSA-200425	ACACA
R-HSA-71262	ALDH9A1
R-HSA-140534	CASP8
R-HSA-418889	APPL1
R-HSA-5357769	APPL1
R-HSA-264870	ADD1
R-HSA-209905	DBH
R-HSA-426117	SLC12A1
R-HSA-174184	ADRM1
R-HSA-1640170	AAAS
R-HSA-69620	ADRM1
R-HSA-69278	AAAS
R-HSA-204998	AATF
R-HSA-446728	ACTA1
R-HSA-9664424	APP
R-HSA-202733	ANGPT1
R-HSA-1500931	ACTA1
R-HSA-421270	ACTA1
R-HSA-446353	ACTB
R-HSA-2559583	ACD
R-HSA-189200	MFSD4B
R-HSA-9711123	ABCC1
R-HSA-3371556	AAAS
R-HSA-1234174	ADRM1
R-HSA-9840373	EIF2AK1
R-HSA-9711097	ASNS
R-HSA-9855142	ABL1
R-HSA-8953897	AAAS
R-HSA-2262752	AAAS
R-HSA-380287	ACTR1A
R-HSA-193681	NGF
R-HSA-163765	ACACA
R-HSA-9613829	ARL13B
R-HSA-390466	ACTB
R-HSA-380108	ACKR2
R-HSA-75035	CCNA1
R-HSA-191273	ACAT2
R-HSA-6807047	DHCR24
R-HSA-6807062	DHCR24
R-HSA-6798163	BHMT
R-HSA-1793185	ARSB
R-HSA-9821002	AICDA
R-HSA-3247509	ACTB
R-HSA-4839726	ACTB
R-HSA-73886	ACD
R-HSA-8963888	APOA1
R-HSA-8964026	APOB
R-HSA-8963901	APOA1
R-HSA-5617833	ACTR1A
R-HSA-9793528	ABCG2
R-HSA-9909396	ADRM1
R-HSA-71403	ACAT1
R-HSA-373076	ACKR1
R-HSA-373080	ADCYAP1
R-HSA-420499	CASR
R-HSA-983169	ADRM1
R-HSA-9603798	ABCD1
R-HSA-1296053	KCNJ12
R-HSA-173623	C1QA
R-HSA-8856828	AAK1
R-HSA-110331	ACD
R-HSA-110329	ACD
R-HSA-9927353	BTLA
R-HSA-389513	AKT1
R-HSA-389948	CD247
R-HSA-389356	AKT1
R-HSA-9927354	ICOS
R-HSA-9759218	MMAA
R-HSA-196741	ABCC1
R-HSA-196783	DCAKD
R-HSA-2470946	MAU2
R-HSA-1650814	ADAMTS2
R-HSA-8948216	COL10A1
R-HSA-1442490	ADAM10
R-HSA-1474290	ADAMTS2
R-HSA-140875	CD177
R-HSA-8948700	AGO1
R-HSA-166658	C1QA
R-HSA-6799198	ACAD9
R-HSA-9865881	BCS1L
R-HSA-9864848	CMC1
R-HSA-2514853	CCNB1
R-HSA-2299718	CCNB1
R-HSA-177135	ACSM1
R-HSA-159424	ACSM1
R-HSA-177162	ACSM1
R-HSA-177128	ACSM2B
R-HSA-5674400	AKT1
R-HSA-2219530	BDNF
R-HSA-5637810	CBL
R-HSA-1236382	CBL
R-HSA-2691232	ADAM10
R-HSA-2894862	ADAM10
R-HSA-2644606	ADAM10
R-HSA-2660826	ADAM10
R-HSA-9634285	CDC37
R-HSA-176407	ANAPC1
R-HSA-6814122	CCT2
R-HSA-389958	ACTB
R-HSA-71288	CKB
R-HSA-166786	C1QA
R-HSA-8949613	APOO
R-HSA-1236973	CD36
R-HSA-1236978	ADRM1
R-HSA-2243919	BMP1
R-HSA-69273	CCNA1
R-HSA-69656	ADRM1
R-HSA-69231	ABL1
R-HSA-69202	ADRM1
R-HSA-1614603	CBS
R-HSA-211897	AHR
R-HSA-111461	APAF1
R-HSA-1280215	AAAS
R-HSA-9707564	ABCC1
R-HSA-2564830	ABCB7
R-HSA-1834949	AIM2
R-HSA-156584	ABHD14B
R-HSA-379716	AIMP1
R-HSA-1489509	ADCY1
R-HSA-8932506	DAG1
R-HSA-8932504	DAG1
R-HSA-8932505	B3GALNT2
R-HSA-8931838	B3GALNT2
R-HSA-2172127	B2M
R-HSA-2424491	B2M
R-HSA-180024	CALM1
R-HSA-418885	ABLIM1
R-HSA-168928	AGER
R-HSA-3134963	DHX36
R-HSA-73893	CUL4A
R-HSA-5696394	ACTB
R-HSA-73942	ALKBH2
R-HSA-2559586	ACD
R-HSA-5693606	ABL1
R-HSA-5693532	ABL1
R-HSA-73894	ABL1
R-HSA-69306	ADRM1
R-HSA-69002	ADRM1
R-HSA-5334118	DNMT1
R-HSA-68952	POLA1
R-HSA-69190	CDC45
R-HSA-2022923	BCAN
R-HSA-376172	DCC
R-HSA-9669914	KIT
R-HSA-3769402	AKT1
R-HSA-429947	CNOT1
R-HSA-429914	CNOT1
R-HSA-73887	AATF
R-HSA-5607761	ADRM1
R-HSA-5621480	CLEC10A
R-HSA-5682113	ABCA1
R-HSA-5682294	ABCA12
R-HSA-5683678	ABCA3
R-HSA-5688399	ABCA3
R-HSA-5678520	ABCB11
R-HSA-5678771	ABCB4
R-HSA-5683371	ABCB6
R-HSA-5679001	ABCC2
R-HSA-5690338	ABCC6
R-HSA-5683177	ABCC8
R-HSA-5678420	ABCC9
R-HSA-5684045	ABCD1
R-HSA-5683329	ABCD4
R-HSA-5679096	ABCG5
R-HSA-5679090	ABCG5
R-HSA-5579031	MC2R
R-HSA-5579007	ACY1
R-HSA-9734735	ADA
R-HSA-5578997	AHCY
R-HSA-4549380	ALG1
R-HSA-4551295	ALG11
R-HSA-4720489	ALG12
R-HSA-5633231	ALG13
R-HSA-4549349	ALG2
R-HSA-4720475	ALG3
R-HSA-4724325	ALG8
R-HSA-4720454	ALG9
R-HSA-3359462	AMN
R-HSA-9734195	APRT
R-HSA-5619099	AVP
R-HSA-9036092	AVP
R-HSA-4420332	AGRN
R-HSA-5083635	ADAMTS1
R-HSA-3560801	AGRN
R-HSA-3656244	ACAN
R-HSA-4793953	B4GALT1
R-HSA-3560783	AGRN
R-HSA-3371598	BTD
R-HSA-9605310	MUTYH
R-HSA-9616334	NEIL1
R-HSA-9629232	NEIL3
R-HSA-9616333	NTHL1
R-HSA-9656249	OGG1
R-HSA-5083632	C1GALT1
R-HSA-3359457	CBLIF
R-HSA-3359485	CD320
R-HSA-5678895	ADRM1
R-HSA-3595174	BCAN
R-HSA-3595172	BCAN
R-HSA-3656225	ACAN
R-HSA-3595177	BCAN
R-HSA-5619060	CP
R-HSA-5688890	CSF2RA
R-HSA-5688849	CSF2RA
R-HSA-3359463	AMN
R-HSA-5579026	CYP11A1
R-HSA-5579017	CYP11B1
R-HSA-5579009	CYP11B2
R-HSA-5579028	CYP17A1
R-HSA-5579030	CYP19A1
R-HSA-5579000	CYP1B1
R-HSA-5579021	CYP21A2
R-HSA-5579010	CYP24A1
R-HSA-5578996	CYP27A1
R-HSA-5579005	CYP4F22
R-HSA-5579013	CYP7B1
R-HSA-9699150	BARD1
R-HSA-9663199	BARD1
R-HSA-4755583	DOLK
R-HSA-4549356	DPAGT1
R-HSA-4717374	DPM1
R-HSA-4719377	DPM1
R-HSA-4719360	DPM1
R-HSA-3656253	AGRN
R-HSA-3656237	AGRN
R-HSA-9672387	F8
R-HSA-9672395	F8
R-HSA-9672393	F8
R-HSA-9672391	F2
R-HSA-9672397	F8
R-HSA-9674519	F8
R-HSA-9673221	F11
R-HSA-9673218	F9
R-HSA-9673202	F10
R-HSA-5579019	FMO3
R-HSA-5609977	GALE
R-HSA-5609976	GALK1
R-HSA-9931929	GALM
R-HSA-5083636	GALNT12
R-HSA-5083625	GALNT3
R-HSA-5609978	GALT
R-HSA-5619073	GCK
R-HSA-5578999	GCLC
R-HSA-4085023	GFPT1
R-HSA-5579022	GGT1
R-HSA-9035968	GGT1
R-HSA-4085011	GNE
R-HSA-5579006	GSS
R-HSA-9704331	ATM
R-HSA-9704646	ATM
R-HSA-3656234	HEXA
R-HSA-3656248	HEXB
R-HSA-5619056	HK1
R-HSA-3371599	ACACA
R-HSA-9734281	HPRT1
R-HSA-9670621	ATRX
R-HSA-9670615	ATRX
R-HSA-9670613	ATRX
R-HSA-9734009	APP
R-HSA-9645722	C1QBP
R-HSA-5083627	B4GAT1
R-HSA-5083630	LFNG
R-HSA-4793950	MAN1B1
R-HSA-5579012	MAOA
R-HSA-5579024	MAT1A
R-HSA-4793952	MGAT2
R-HSA-3359475	MMAA
R-HSA-3359471	MMAB
R-HSA-3359474	MMACHC
R-HSA-3359473	MMACHC
R-HSA-4793954	MOGS
R-HSA-4687000	MPDU1
R-HSA-4043916	MPI
R-HSA-3359469	MTR
R-HSA-3359467	MTR
R-HSA-3359478	MMAA
R-HSA-9608287	MUTYH
R-HSA-9608290	MUTYH
R-HSA-5545483	MLH1
R-HSA-5632928	MSH2
R-HSA-5632927	MSH2
R-HSA-5632968	MSH2
R-HSA-5632987	MLH1
R-HSA-4341670	CTSA
R-HSA-9630222	NTHL1
R-HSA-9630221	NTHL1
R-HSA-9657050	OGG1
R-HSA-9656255	OGG1
R-HSA-9656256	OGG1
R-HSA-5578998	OPLAH
R-HSA-3560796	PAPSS2
R-HSA-5609974	PGM1
R-HSA-4043911	PMM2
R-HSA-9735763	PNP
R-HSA-5083628	DAG1
R-HSA-5083633	DAG1
R-HSA-5083629	DAG1
R-HSA-4570571	RFT1
R-HSA-5619042	RHAG
R-HSA-9693928	CASP8
R-HSA-9657689	F12
R-HSA-5687868	SFTPA2
R-HSA-5619048	SLC11A2
R-HSA-5619104	SLC12A1
R-HSA-5619087	SLC12A3
R-HSA-5619039	SLC12A6
R-HSA-5619070	BSG
R-HSA-5619035	SLC17A5
R-HSA-5619076	SLC17A8
R-HSA-5619067	SLC1A1
R-HSA-5619062	SLC1A3
R-HSA-5619111	SLC20A2
R-HSA-5619071	SLC22A12
R-HSA-5619066	SLC22A18
R-HSA-5619053	SLC22A5
R-HSA-5619077	SLC24A1
R-HSA-5619036	SLC24A5
R-HSA-3560792	SLC26A2
R-HSA-5619085	SLC26A3
R-HSA-5619108	SLC27A4
R-HSA-5619063	SLC29A3
R-HSA-5619043	SLC2A1
R-HSA-5619098	SLC2A2
R-HSA-5619047	SLC2A9
R-HSA-5619061	SLC33A1
R-HSA-5619040	SLC34A1
R-HSA-5687583	SLC34A2
R-HSA-5619045	SLC34A2
R-HSA-5619097	SLC34A3
R-HSA-5619037	SLC35A1
R-HSA-5663020	SLC35A1
R-HSA-5619072	SLC35A2
R-HSA-5619083	SLC35A3
R-HSA-5619078	SLC35C1
R-HSA-5619088	SLC39A4
R-HSA-5619113	SLC3A1
R-HSA-5655799	SLC40A1
R-HSA-5619049	CP
R-HSA-5619050	SLC4A1
R-HSA-5619054	SLC4A4
R-HSA-5656364	SLC5A1
R-HSA-5658208	SLC5A2
R-HSA-5619096	SLC5A5
R-HSA-5619114	SLC5A7
R-HSA-5658471	SLC5A7
R-HSA-5619109	SLC6A2
R-HSA-5619081	SLC6A3
R-HSA-5660724	SLC6A3
R-HSA-5619089	SLC6A5
R-HSA-5660862	SLC3A2
R-HSA-5660883	SLC3A1
R-HSA-5619092	SLC9A6
R-HSA-5619052	SLC9A9
R-HSA-5619110	SLCO1B1
R-HSA-4755579	SRD5A3
R-HSA-3656243	ACAN
R-HSA-5579032	TBXAS1
R-HSA-5619107	AAAS
R-HSA-5579002	UGT1A1
R-HSA-5579016	UGT1A4
R-HSA-9845622	COL1A1
R-HSA-9845621	ADAMTS13
R-HSA-9661069	CCND1
R-HSA-9846298	COL1A1
R-HSA-9672396	F10
R-HSA-9668250	F10
R-HSA-9672383	F10
R-HSA-9662001	F10
R-HSA-9657688	F12
R-HSA-9673240	F9
R-HSA-9701192	ATM
R-HSA-9701190	ATM
R-HSA-9701193	ATM
R-HSA-5688031	SFTPB
R-HSA-5688354	SFTPC
R-HSA-9710421	DNMT1
R-HSA-9824856	TLR7
R-HSA-9661070	RB1
R-HSA-9918454	ABCA4
R-HSA-9918442	LRAT
R-HSA-9918450	OPN1LW
R-HSA-9918443	OPN1SW
R-HSA-9918438	RDH5
R-HSA-9918449	RBP4
R-HSA-3323169	ACACA
R-HSA-3296469	ABCD4
R-HSA-3296482	ABCD4
R-HSA-9651496	F10
R-HSA-9823587	ADAMTS13
R-HSA-1461973	ART1
R-HSA-4641257	ADRM1
R-HSA-9766229	ADRM1
R-HSA-9932298	ADRM1
R-HSA-4641258	ADRM1
R-HSA-916853	ABAT
R-HSA-5610780	ADRM1
R-HSA-5610783	ADRM1
R-HSA-195253	ADRM1
R-HSA-1614558	ADO
R-HSA-1474228	A2M
R-HSA-5467343	AMER1
R-HSA-5467345	AXIN1
R-HSA-4419969	CCNB1
R-HSA-606279	CENPA
R-HSA-73927	ACD
R-HSA-73928	ACD
R-HSA-8862803	APP
R-HSA-3299685	AQP8
R-HSA-5688426	ACTB
R-HSA-1266738	ABL1
R-HSA-9734767	COL11A1
R-HSA-9820448	COL11A1
R-HSA-9734779	EGF
R-HSA-9927432	EGF
R-HSA-9938206	FGF10
R-HSA-9937080	EGF
R-HSA-9925563	COL11A1
R-HSA-9924644	EGF
R-HSA-9725554	EGF
R-HSA-8935690	ALPI
R-HSA-8963743	ALPI
R-HSA-189085	AMY1A
R-HSA-192456	CLPS
R-HSA-69416	CASP8
R-HSA-4641262	AMER1
R-HSA-1643685	AAAS
R-HSA-3781860	ALG1
R-HSA-3906995	ADAMTS1
R-HSA-3560782	ACAN
R-HSA-5609975	DOLK
R-HSA-5687613	ABCA3
R-HSA-5602358	BTK
R-HSA-2474795	ABCA4
R-HSA-9605308	MUTYH
R-HSA-9630747	CDK4
R-HSA-9675136	ATM
R-HSA-9675135	ATM
R-HSA-5260271	BTK
R-HSA-5423599	MLH1
R-HSA-9673013	ATRX
R-HSA-9865118	ACAT1
R-HSA-5663084	ALDOB
R-HSA-9675132	CDK4
R-HSA-3781865	ACAN
R-HSA-9671793	ADAMTS13
R-HSA-5668914	ABCA3
R-HSA-9759774	MMAA
R-HSA-9675126	ANAPC1
R-HSA-9735804	ADA
R-HSA-9645723	APP
R-HSA-9759785	MMAA
R-HSA-5663202	ACTB
R-HSA-9675143	ABCA4
R-HSA-114516	PRKCA
R-HSA-9675151	ASH2L
R-HSA-9697154	BDNF
R-HSA-5619115	AAAS
R-HSA-110357	APEX1
R-HSA-75205	ANXA2
R-HSA-212676	APBA1
R-HSA-379401	COMT
R-HSA-390651	DRD1
R-HSA-8863795	AKT1
R-HSA-1358803	AKT1
R-HSA-1253288	ERBB4
R-HSA-2173795	ATP1B4
R-HSA-2173788	BAMBI
R-HSA-202424	ADRM1
R-HSA-186763	BCAR1
R-HSA-1168372	ADRM1
R-HSA-5654687	FGF1
R-HSA-5654696	FGF1
R-HSA-5654708	FGF1
R-HSA-5654716	FGF1
R-HSA-9748784	ABCB1
R-HSA-9665230	CDC37
R-HSA-9665737	CDC37
R-HSA-9700649	ALK
R-HSA-9702506	FLT3
R-HSA-9669937	KIT
R-HSA-9674415	PDGFRA
R-HSA-9754119	CCND1
R-HSA-9652282	CDC37
R-HSA-9734091	HGF
R-HSA-5696400	CHD1L
R-HSA-6782135	AQR
R-HSA-113510	CCNB1
R-HSA-113507	CCNB1
R-HSA-8866654	BCL10
R-HSA-3000178	ACAN
R-HSA-2179392	EGFR
R-HSA-182971	ARHGEF7
R-HSA-212718	BTC
R-HSA-9619665	ADGRG6
R-HSA-9648025	AHCTF1
R-HSA-2682334	ACTB
R-HSA-3928665	ACTB
R-HSA-3928663	EFNA1
R-HSA-3928662	ACTB
R-HSA-901032	AMFR
R-HSA-199977	ACTR10
R-HSA-1236974	ADRM1
R-HSA-8847993	BTC
R-HSA-6785631	BTC
R-HSA-427389	CBX3
R-HSA-198753	DUSP3
R-HSA-202670	DUSP3
R-HSA-8939211	AGO1
R-HSA-162594	BANF1
R-HSA-9772572	ACE2
R-HSA-114508	ABHD12
R-HSA-391903	GPR17
R-HSA-211979	CYP4A11
R-HSA-1566948	BMP10
R-HSA-112303	GJA10
R-HSA-2395516	FDX1
R-HSA-139853	ITPR1
R-HSA-211976	AHR
R-HSA-917729	CHMP2A
R-HSA-1236977	B2M
R-HSA-380972	CAB39
R-HSA-9845620	COL1A1
R-HSA-9845619	ADAMTS13
R-HSA-168275	CLTA
R-HSA-379398	COMT
R-HSA-379397	COMT
R-HSA-3928664	ARHGEF7
R-HSA-9917777	ABL1
R-HSA-9851695	ABL1
R-HSA-212165	ABL1
R-HSA-9818564	ABL1
R-HSA-9758919	CDH1
R-HSA-1237044	AQP1
R-HSA-1247673	AQP1
R-HSA-9027276	EPO
R-HSA-9027277	EPO
R-HSA-9027284	CRKL
R-HSA-9027283	EPO
R-HSA-5657562	KHK
R-HSA-5662853	DCXR
R-HSA-2468052	CDCA5
R-HSA-193144	CYP19A1
R-HSA-9018519	AGO1
R-HSA-9634638	AKT1
R-HSA-9634635	HRAS
R-HSA-71384	ACSS1
R-HSA-156842	EEF1A1
R-HSA-72613	EIF1AX
R-HSA-72764	APEH
R-HSA-9833109	CREBBP
R-HSA-9630791	CDK4
R-HSA-9630794	CDK4
R-HSA-9646303	CDKN2A
R-HSA-9630750	CDK4
R-HSA-9632697	CDK4
R-HSA-9632700	CDK4
R-HSA-9646304	CDKN2A
R-HSA-9632693	CDK4
R-HSA-8941413	MPO
R-HSA-168274	AAAS
R-HSA-9036866	FURIN
R-HSA-9752946	EBF1
R-HSA-9931509	ARNTL
R-HSA-9911233	ELANE
R-HSA-180786	ACD
R-HSA-9009391	AKT1
R-HSA-1474244	A2M
R-HSA-140834	F10
R-HSA-9837092	FASTK
R-HSA-8854050	ADRM1
R-HSA-2644605	CUL1
R-HSA-2871809	AHCYL1
R-HSA-2871796	FCER1A
R-HSA-2871837	ADRM1
R-HSA-2029481	CD247
R-HSA-9664323	ADCY1
R-HSA-9664422	ABI1
R-HSA-190242	ANOS1
R-HSA-1839124	BAG4
R-HSA-190370	FGF1
R-HSA-190374	FGF23
R-HSA-190373	ANOS1
R-HSA-6803529	ESRP1
R-HSA-190241	FGF1
R-HSA-1839126	FGF1
R-HSA-190377	FGF1
R-HSA-190375	FGF1
R-HSA-190239	FGF1
R-HSA-2033514	FGF1
R-HSA-190371	FGF1
R-HSA-190372	FGF1
R-HSA-190322	FGF1
R-HSA-1839128	FGFR4
R-HSA-5658623	FGF10
R-HSA-9607240	ABL2
R-HSA-9702509	FLT3
R-HSA-9706377	CBL
R-HSA-9682385	BCL2L1
R-HSA-9706374	FLT3
R-HSA-217271	FMO1
R-HSA-9614085	AGRP
R-HSA-9617828	BTG1
R-HSA-9614657	BBC3
R-HSA-9615017	AGRP
R-HSA-5654693	FGF1
R-HSA-5654700	FGF1
R-HSA-5654706	FGF1
R-HSA-5654712	FGF1
R-HSA-983231	ABL1
R-HSA-6783310	ATR
R-HSA-75157	CASP10
R-HSA-434316	FFAR1
R-HSA-8978868	ABCC1
R-HSA-211935	CYP2A13
R-HSA-75105	ACACA
R-HSA-2454202	ADRM1
R-HSA-2029480	ABI1
R-HSA-1187000	ACR
R-HSA-1566977	CEACAM1
R-HSA-2855086	FCN1
R-HSA-390450	ACTB
R-HSA-163210	ATP5F1A
R-HSA-140877	A2M
R-HSA-167152	CCNH
R-HSA-167200	CCNH
R-HSA-5696395	CCNH
R-HSA-112382	AFF4
R-HSA-2559584	ASF1A
R-HSA-6781823	AQR
R-HSA-9772755	AKAP8L
R-HSA-72689	EIF1AX
R-HSA-196025	ACTB
R-HSA-111458	APAF1
R-HSA-9796292	CTNNB1
R-HSA-9823730	CDH1
R-HSA-77042	ADAR
R-HSA-9761174	BMP4
R-HSA-9758920	BMP4
R-HSA-9934037	ACTB
R-HSA-9793380	ADRM1
R-HSA-113418	CCNH
R-HSA-75094	A1CF
R-HSA-167158	CCNH
R-HSA-173599	UGDH
R-HSA-9823739	NANOG
R-HSA-201722	ASH2L
R-HSA-9933937	ACTB
R-HSA-6809371	CAPN1
R-HSA-9913351	ACTA1
R-HSA-9933946	ACTB
R-HSA-9830364	BMP4
R-HSA-9933947	ACTB
R-HSA-9933939	ACTB
R-HSA-9832991	FGF8
R-HSA-72695	EIF1AX
R-HSA-9830674	BMP4
R-HSA-389960	CCT2
R-HSA-5661270	AKR1A1
R-HSA-444473	ANXA1
R-HSA-444209	FFAR1
R-HSA-400451	ACSL3
R-HSA-170968	BRAF
R-HSA-5652227	AKR1B1
R-HSA-70350	ALDH1A1
R-HSA-5652084	AKR1B1
R-HSA-416482	ABR
R-HSA-418594	ACKR3
R-HSA-416476	ABHD12
R-HSA-418555	ADCY1
R-HSA-418597	ADCY1
R-HSA-8964315	BTK
R-HSA-8964616	ARHGEF6
R-HSA-392451	AKT1
R-HSA-418217	GNB1
R-HSA-1296059	GABBR1
R-HSA-202040	GNA11
R-HSA-397795	AKT1
R-HSA-112040	ADCY1
R-HSA-1538133	CCNA1
R-HSA-69236	ABL1
R-HSA-69615	ADRM1
R-HSA-69206	ADRM1
R-HSA-69205	CCNA1
R-HSA-68911	CCNA1
R-HSA-69481	ADRM1
R-HSA-69473	ATM
R-HSA-69478	CCNA1
R-HSA-69275	ACTR1A
R-HSA-180292	BTC
R-HSA-977444	ADCY1
R-HSA-977443	ADCY1
R-HSA-888568	GAD1
R-HSA-888590	ABAT
R-HSA-6787639	FPGT
R-HSA-5635851	BOC
R-HSA-5610785	ADRM1
R-HSA-430116	COL1A1
R-HSA-388396	ABHD12
R-HSA-500792	ACKR1
R-HSA-9634597	ADCY1
R-HSA-114604	CDC42
R-HSA-179812	BTC
R-HSA-1963640	BTC
R-HSA-354194	APBB1IP
R-HSA-1306955	ERBB2
R-HSA-9762114	ADRM1
R-HSA-72706	EIF1AX
R-HSA-9726842	BRAF
R-HSA-70370	AKR1B1
R-HSA-163841	ARSA
R-HSA-159740	BGLAP
R-HSA-159854	BGLAP
R-HSA-190861	GJA1
R-HSA-190873	ACTB
R-HSA-190828	ACTB
R-HSA-157858	ACTB
R-HSA-5696397	LIG1
R-HSA-6782210	AQR
R-HSA-881907	CCKBR
R-HSA-9758941	ADRM1
R-HSA-211000	AAAS
R-HSA-8950505	AIP
R-HSA-74160	AAAS
R-HSA-202433	CD101
R-HSA-212436	ABL1
R-HSA-9754189	BMP4
R-HSA-5696399	ACTB
R-HSA-163359	ADCY1
R-HSA-381676	ADCY5
R-HSA-420092	ADCYAP1
R-HSA-194002	CYP11B1
R-HSA-70263	ALDOA
R-HSA-70326	AAAS
R-HSA-156588	ABHD10
R-HSA-210500	ARL6IP5
R-HSA-8964539	ALDH18A1
R-HSA-399721	AKAP5
R-HSA-156590	AKR1A1
R-HSA-174403	CNDP2
R-HSA-1483206	ACHE
R-HSA-6814848	ENPP6
R-HSA-6783984	AMT
R-HSA-70221	AGL
R-HSA-8982491	AGL
R-HSA-3858516	GYG2
R-HSA-3828062	GYG1
R-HSA-5357609	GAA
R-HSA-3878781	GBE1
R-HSA-3229133	SLC37A4
R-HSA-3814836	GYG1
R-HSA-3229121	EPM2A
R-HSA-3322077	EPM2A
R-HSA-70171	AAAS
R-HSA-209822	CGA
R-HSA-1630316	ABCC5
R-HSA-1971475	AGRN
R-HSA-9840309	A4GALT
R-HSA-9840310	ARSA
R-HSA-1660662	A4GALT
R-HSA-9845576	ARF1
R-HSA-389661	AGXT
R-HSA-432722	ACBD3
R-HSA-162658	BLZF1
R-HSA-8856688	ACTR10
R-HSA-982772	ADAM17
R-HSA-9912529	BCKDHA
R-HSA-3214847	ACTB
R-HSA-9609690	AAAS
R-HSA-9609646	AAAS
R-HSA-9610379	AAAS
R-HSA-1296061	HCN1
R-HSA-3214815	ARID4A
R-HSA-8963896	A2M
R-HSA-8964011	AMN
R-HSA-8964058	ABCG1
R-HSA-3214842	ARID5B
R-HSA-5685942	ATM
R-HSA-5693567	ABL1
R-HSA-5685939	BRCA2
R-HSA-5685938	ABL1
R-HSA-5658034	DHH
R-HSA-162906	AAAS
R-HSA-162587	AAAS
R-HSA-167169	CCNH
R-HSA-167161	CCNH
R-HSA-167287	CCNT1
R-HSA-2022928	AGRN
R-HSA-2024096	AGRN
R-HSA-3371511	COL4A6
R-HSA-3371571	AKT1S1
R-HSA-3371497	ACTR10
R-HSA-5610787	ADCY1
R-HSA-5632684	ADRM1
R-HSA-5358346	ADAM17
R-HSA-9927020	HBA1
R-HSA-189451	ABCG2
R-HSA-189483	ABCC1
R-HSA-9707616	APOA1
R-HSA-109582	A1BG
R-HSA-1638091	AGRN
R-HSA-5657560	ALDOB
R-HSA-5387390	ADRM1
R-HSA-5362768	ADRM1
R-HSA-9856530	ADCY1
R-HSA-629597	CHRNA1
R-HSA-629594	CHRNA1
R-HSA-629587	CHRNA3
R-HSA-390650	HRH1
R-HSA-70921	AMDHD1
R-HSA-5693579	ATM
R-HSA-5693538	ABL1
R-HSA-375281	CGA
R-HSA-162909	AAAS
R-HSA-450520	ANP32A
R-HSA-2160916	CD44
R-HSA-2142845	ABCC5
R-HSA-1483115	GPCPD1
R-HSA-1483152	GPCPD1
R-HSA-3296197	HCAR1
R-HSA-204626	DHPS
R-HSA-9732724	IFNG
R-HSA-2428924	AKT2
R-HSA-5602636	CHUK
R-HSA-5603027	CHUK
R-HSA-937041	BIRC2
R-HSA-6788467	CLCF1
R-HSA-937039	CHUK
R-HSA-975144	CHUK
R-HSA-937042	IRAK2
R-HSA-975163	CD14
R-HSA-5603041	BTK
R-HSA-5603037	IRAK4
R-HSA-381070	ACADVL
R-HSA-1606341	DTX4
R-HSA-3270619	DDX41
R-HSA-74713	GRB10
R-HSA-112399	AKT2
R-HSA-2428928	AKT2
R-HSA-1169408	AAAS
R-HSA-5603029	CHUK
R-HSA-9669917	KIT
R-HSA-9674396	PDGFRA
R-HSA-168256	A1BG
R-HSA-198933	B2M
R-HSA-9709603	ATM
R-HSA-9709570	ATM
R-HSA-9763198	BRCA2
R-HSA-9709275	BRCA2
R-HSA-141430	ANAPC1
R-HSA-428543	ARHGAP39
R-HSA-9705462	CSF3
R-HSA-2514859	CALM1
R-HSA-400508	CDX2
R-HSA-9733458	ACE2
R-HSA-9640148	COL4A1
R-HSA-9635486	ATP6V1H
R-HSA-5663205	AAAS
R-HSA-622312	AIM2
R-HSA-168255	AAAS
R-HSA-168273	AAAS
R-HSA-168277	SLC25A6
R-HSA-997272	GABBR1
R-HSA-9670095	ACD
R-HSA-168315	CPSF4
R-HSA-169131	EIF2AK2
R-HSA-5638303	BTC
R-HSA-165181	AKT2
R-HSA-9635644	HGS
R-HSA-9636249	KPNA1
R-HSA-113501	E2F1
R-HSA-141405	ANAPC1
R-HSA-166663	C1QA
R-HSA-2995383	ANKLE2
R-HSA-8876493	CBLL1
R-HSA-8875360	CBL
R-HSA-168249	A1BG
R-HSA-1483249	CALM1
R-HSA-429593	SLC2A13
R-HSA-9609523	ALDH3A2
R-HSA-163754	TALDO1
R-HSA-264876	CPE
R-HSA-77387	ATP6AP1
R-HSA-74751	AKT2
R-HSA-428359	ACTB
R-HSA-163685	ABCC8
R-HSA-162592	BANF1
R-HSA-175567	BANF1
R-HSA-216083	AGRN
R-HSA-354192	AKT1
R-HSA-2534343	ADAM2
R-HSA-445095	ACTB
R-HSA-8854521	AURKA
R-HSA-177243	AAAS
R-HSA-176034	CCNT1
R-HSA-176033	AAAS
R-HSA-880009	ADHFE1
R-HSA-499943	AK1
R-HSA-351200	PAOX
R-HSA-913531	AAAS
R-HSA-909733	ABCE1
R-HSA-877300	B2M
R-HSA-912526	CSF2RA
R-HSA-446652	ADRM1
R-HSA-448706	CASP1
R-HSA-9020702	ADRM1
R-HSA-6783783	CCL19
R-HSA-447115	AIP
R-HSA-9020591	AIP
R-HSA-8983432	GAB2
R-HSA-448424	ATF1
R-HSA-9012546	ALOX5
R-HSA-451927	CSF2RA
R-HSA-9020558	IL2
R-HSA-8854691	IFNL1
R-HSA-9020958	IL2RG
R-HSA-9020933	IL12B
R-HSA-9020956	CANX
R-HSA-512988	BLNK
R-HSA-9014843	IL1RAP
R-HSA-8984722	CANX
R-HSA-9014826	IL1F10
R-HSA-9008059	CASP1
R-HSA-9007892	IL1F10
R-HSA-6785807	AKT1
R-HSA-6783589	CBL
R-HSA-1059683	CBL
R-HSA-1266695	BRWD1
R-HSA-8985947	IL2RG
R-HSA-8963676	NPC1L1
R-HSA-8981373	RSC1A1
R-HSA-8942233	GUCY2C
R-HSA-8963678	NPC1L1
R-HSA-5659898	LCT
R-HSA-6811442	ACTR10
R-HSA-6811438	ALPP
R-HSA-434313	ACSL3
R-HSA-8981607	CYGB
R-HSA-9006925	ADCY1
R-HSA-5620924	CLUAP1
R-HSA-109606	AKT1
R-HSA-140837	A2M
R-HSA-8941237	ADAM12
R-HSA-1296065	ABCC8
R-HSA-983712	ANO1
R-HSA-5578775	ABCC9
R-HSA-6803544	ATOX1
R-HSA-936837	ATP11A
R-HSA-451306	CALM1
R-HSA-917937	ABCG2
R-HSA-9914355	IVD
R-HSA-450321	IKBKG
R-HSA-5689877	ATXN3
R-HSA-9755511	ABCC1
R-HSA-9669921	KIT
R-HSA-450604	AKT1
R-HSA-9702569	FLT3
R-HSA-2022854	ACAN
R-HSA-2022857	ACAN
R-HSA-1638074	ACAN
R-HSA-6805567	CAPN1
R-HSA-74182	AACS
R-HSA-9830369	BMP4
R-HSA-9664420	CYBA
R-HSA-983189	CENPE
R-HSA-156827	EIF1AX
R-HSA-373760	ACTB
R-HSA-8964038	AP2A1
R-HSA-8964041	APOB
R-HSA-5682910	ADAM11
R-HSA-5340573	PORCN
R-HSA-3134973	CREBBP
R-HSA-9664535	DPEP1
R-HSA-5653890	B4GALT1
R-HSA-69186	DNA2
R-HSA-3000157	COL18A1
R-HSA-162599	AAAS
R-HSA-9772573	ACE2
R-HSA-9615710	ARL13B
R-HSA-1222499	LTF
R-HSA-69109	PCNA
R-HSA-166662	COLEC10
R-HSA-9658195	ABI1
R-HSA-9664433	ADAM17
R-HSA-9664417	ABI1
R-HSA-391906	GPR17
R-HSA-9037629	B3GALT1
R-HSA-5632681	BOC
R-HSA-2046105	ABCD1
R-HSA-8964572	CIDEA
R-HSA-9613354	HSPA8
R-HSA-8876384	CBL
R-HSA-446343	ILK
R-HSA-9620244	ACTN2
R-HSA-2644607	CUL1
R-HSA-9944971	ASH2L
R-HSA-9944997	ASH2L
R-HSA-3304349	SMAD2
R-HSA-3304347	SMAD2
R-HSA-3656534	FKBP1A
R-HSA-3642278	TGFB1
R-HSA-9723907	TP53
R-HSA-9022534	MECP2
R-HSA-9022538	BDNF
R-HSA-9022537	GPS2
R-HSA-380259	ACTR1A
R-HSA-9005891	BDNF
R-HSA-9723905	TP53
R-HSA-9022535	CALM1
R-HSA-380284	ACTR1A
R-HSA-9865125	BCKDHA
R-HSA-9865113	BCKDHA
R-HSA-9907570	BCKDHA
R-HSA-71064	AADAT
R-HSA-8853383	MAN2B1
R-HSA-432720	AP1B1
R-HSA-419408	LPAR1
R-HSA-68886	AAAS
R-HSA-9820841	AGO2
R-HSA-450294	ATF1
R-HSA-5674135	ACTB
R-HSA-5684264	BTRC
R-HSA-5683057	ABHD17A
R-HSA-450282	ATF1
R-HSA-112411	IL6
R-HSA-5684996	ABHD17A
R-HSA-110056	CDK1
R-HSA-5687128	ADRM1
R-HSA-2465910	ARPP19
R-HSA-9851151	ALK
R-HSA-9022699	CREB1
R-HSA-9022707	CREB1
R-HSA-9022927	GAD1
R-HSA-9022702	BDNF
R-HSA-6806942	HGF
R-HSA-8851907	GAB1
R-HSA-8874081	COL11A1
R-HSA-8865999	GAB1
R-HSA-8875555	CRK
R-HSA-8851805	GRB2
R-HSA-8875791	HGF
R-HSA-8875513	HGF
R-HSA-8875878	COL11A1
R-HSA-8875656	ARF6
R-HSA-5657655	MGMT
R-HSA-2132295	ACTR10
R-HSA-9856651	ACTB
R-HSA-9730414	ACTB
R-HSA-9841922	ABL1
R-HSA-9953078	IDS
R-HSA-2206296	IDS
R-HSA-2206307	SGSH
R-HSA-2206282	NAGLU
R-HSA-2206305	GNS
R-HSA-2206290	GALNS
R-HSA-9953111	GLB1
R-HSA-2206308	GLB1
R-HSA-9953097	HYAL1
R-HSA-2206280	HYAL1
R-HSA-2206285	ARSB
R-HSA-9953080	GUSB
R-HSA-2206292	GUSB
R-HSA-5660489	CSRP1
R-HSA-165159	AKT1
R-HSA-1632852	AMBRA1
R-HSA-6791226	BMS1
R-HSA-9856872	GOT1
R-HSA-9636667	ENO1
R-HSA-9865114	BCKDHA
R-HSA-9669924	KIT
R-HSA-9816359	AGO2
R-HSA-9939291	B4GAT1
R-HSA-9854311	ACAT1
R-HSA-9828806	CSNK2A1
R-HSA-9683610	GSK3A
R-HSA-9694631	CSNK1A1
R-HSA-9683673	GALNT1
R-HSA-9694719	GALNT1
R-HSA-9683683	RPS27A
R-HSA-9694493	RPS27A
R-HSA-9694301	ISCU
R-HSA-9683686	CANX
R-HSA-9694548	CANX
R-HSA-9856532	AKT1
R-HSA-1500620	ACD
R-HSA-912446	ATM
R-HSA-1221632	ACD
R-HSA-5662702	DCT
R-HSA-199991	AAK1
R-HSA-174490	MVB12A
R-HSA-5579029	ACY1
R-HSA-1430728	A4GALT
R-HSA-2022377	ACE
R-HSA-8953854	A1CF
R-HSA-209776	AANAT
R-HSA-71291	AADAT
R-HSA-71387	AAAS
R-HSA-8978934	ACO1
R-HSA-6806667	AGRN
R-HSA-196757	ALDH1L1
R-HSA-2408550	GSR
R-HSA-5263617	TXNRD1
R-HSA-2408508	AHCY
R-HSA-556833	A4GALT
R-HSA-202131	AKT1
R-HSA-194441	AAAS
R-HSA-15869	ADA
R-HSA-351202	ADRM1
R-HSA-189445	ABCC1
R-HSA-392499	A4GNT
R-HSA-380612	ALDH2
R-HSA-196071	AKR1B1
R-HSA-8957322	ABCB11
R-HSA-6806664	UBIAD1
R-HSA-196854	AASDHPPT
R-HSA-196849	AASDHPPT
R-HSA-425410	CP
R-HSA-9638482	HBA1
R-HSA-6799990	LCN2
R-HSA-5689901	BABAM1
R-HSA-5661231	MT1A
R-HSA-1237112	ADI1
R-HSA-156581	AHCY
R-HSA-203927	AGO1
R-HSA-9686347	CASP8
R-HSA-190840	GJA1
R-HSA-193993	CGA
R-HSA-164516	PPIA
R-HSA-9715370	MFN1
R-HSA-211958	CYP2D6
R-HSA-5223345	ADD1
R-HSA-5358508	EXO1
R-HSA-5358606	EXO1
R-HSA-5358565	EXO1
R-HSA-1369007	ABCB10
R-HSA-77289	ACAA2
R-HSA-9836573	FASTK
R-HSA-166187	PM20D1
R-HSA-1592230	ACSS2
R-HSA-8949215	AFG3L2
R-HSA-1362409	FDX1
R-HSA-9937008	FASTKD2
R-HSA-9837999	ACAD8
R-HSA-1268020	ACO2
R-HSA-9937383	AURKAIP1
R-HSA-9916720	ECHS1
R-HSA-379726	AARS2
R-HSA-163282	POLRMT
R-HSA-163316	MTERF1
R-HSA-5368287	AURKAIP1
R-HSA-5389840	AURKAIP1
R-HSA-5368286	AURKAIP1
R-HSA-5419276	AURKAIP1
R-HSA-9841251	AKT1
R-HSA-5205647	ATG12
R-HSA-68882	ADRM1
R-HSA-453279	ABL1
R-HSA-453274	ACTR1A
R-HSA-2555396	ADRM1
R-HSA-68881	FBXO5
R-HSA-68877	ACTR1A
R-HSA-68875	AAAS
R-HSA-69618	AHCTF1
R-HSA-68884	KIF20A
R-HSA-9637628	B2M
R-HSA-9909505	ARIH1
R-HSA-2129379	BMP10
R-HSA-947581	GPHN
R-HSA-1222449	LTF
R-HSA-2206281	ARSB
R-HSA-427601	SLC26A1
R-HSA-390648	CHRM1
R-HSA-397014	ABCC9
R-HSA-975871	AGER
R-HSA-5602498	BTK
R-HSA-5602680	MYD88
R-HSA-975155	AGER
R-HSA-166166	AGER
R-HSA-166058	AGER
R-HSA-3785653	EPM2A
R-HSA-525793	ABL1
R-HSA-975577	B4GALT1
R-HSA-975576	B4GALT1
R-HSA-964739	MAN1A1
R-HSA-532668	AMFR
R-HSA-205025	BEX3
R-HSA-389542	ACO1
R-HSA-375165	AGRN
R-HSA-419037	AGRN
R-HSA-9636003	NEIL3
R-HSA-168333	AAAS
R-HSA-933543	CASP10
R-HSA-209560	IKBKB
R-HSA-9818028	CREBBP
R-HSA-9818035	ATF4
R-HSA-9818032	ABCC1
R-HSA-9818025	IDH1
R-HSA-9818027	ATF4
R-HSA-9818026	CCL2
R-HSA-9818030	BCL2
R-HSA-205017	NGF
R-HSA-167060	FURIN
R-HSA-187024	ADCYAP1
R-HSA-9031628	ARC
R-HSA-5676590	ADRM1
R-HSA-168638	AAMP
R-HSA-203754	NOS3
R-HSA-203641	CAV1
R-HSA-2122947	CCNC
R-HSA-2979096	ADAM10
R-HSA-2197563	CREB1
R-HSA-9013507	ADAM10
R-HSA-9013508	CREBBP
R-HSA-9013700	ADAM10
R-HSA-9013695	ACTA2
R-HSA-9768919	ARNT
R-HSA-9632974	NR1H3
R-HSA-9029558	ANGPTL3
R-HSA-9031528	NR1H2
R-HSA-9623433	NCOA1
R-HSA-9031525	MYLIP
R-HSA-9024446	ABCA1
R-HSA-9029569	ABCA1
R-HSA-193648	AATF
R-HSA-205043	APH1A
R-HSA-168276	AAAS
R-HSA-9025046	NTF3
R-HSA-9034013	NTF3
R-HSA-9026357	NTF4
R-HSA-9032759	BDNF
R-HSA-9603505	BAX
R-HSA-9717301	ALK
R-HSA-442660	SLC18A1
R-HSA-420597	CADM1
R-HSA-8951664	ADRM1
R-HSA-167590	AP2A1
R-HSA-182218	AP2A1
R-HSA-164944	CD247
R-HSA-164939	AP2M1
R-HSA-164940	AP1B1
R-HSA-164938	AP1B1
R-HSA-9764725	CDH1
R-HSA-5250941	BAZ2A
R-HSA-5674499	BRAF
R-HSA-5654726	ANOS1
R-HSA-5654727	BRAF
R-HSA-5654732	BRAF
R-HSA-5654733	BRAF
R-HSA-9706369	ABL2
R-HSA-5675221	BRAF
R-HSA-6807004	CBL
R-HSA-9617324	ACTN2
R-HSA-9604323	ADRM1
R-HSA-5368598	CCDC88C
R-HSA-3772470	LRP5
R-HSA-8866904	KCTD1
R-HSA-199418	AKT1
R-HSA-936440	ATG12
R-HSA-373753	ACTN1
R-HSA-9831926	DLL1
R-HSA-9675108	ABL1
R-HSA-418886	DCC
R-HSA-373752	ABLIM1
R-HSA-6794361	APBA1
R-HSA-8863678	APP
R-HSA-447043	ANK1
R-HSA-112316	ABAT
R-HSA-194306	FLT1
R-HSA-168799	SNAP25
R-HSA-112311	ACHE
R-HSA-112314	ACTN2
R-HSA-112310	ABAT
R-HSA-112313	GLUL
R-HSA-6798695	A1BG
R-HSA-196807	BST1
R-HSA-9669926	KIT
R-HSA-392154	GUCY1A2
R-HSA-427413	BAZ2A
R-HSA-3000171	ACTA1
R-HSA-9017802	APH1A
R-HSA-5693571	ATM
R-HSA-975957	CASC3
R-HSA-975956	EIF4G1
R-HSA-927802	CASC3
R-HSA-181430	CPLX1
R-HSA-350054	CREBBP
R-HSA-447038	ANK1
R-HSA-2995410	AHCTF1
R-HSA-2980766	AAAS
R-HSA-198725	ARC
R-HSA-3301854	AAAS
R-HSA-9930044	C1D
R-HSA-383280	AR
R-HSA-9759194	ABCC1
R-HSA-9725371	AGO1
R-HSA-180746	AAAS
R-HSA-1251985	ADAM17
R-HSA-774815	CENPA
R-HSA-5696398	ACTB
R-HSA-8956320	ADSL
R-HSA-8956319	AGXT2
R-HSA-9735786	PNP
R-HSA-8956321	ADA
R-HSA-9734207	ADA
R-HSA-168643	AAMP
R-HSA-418038	ADORA1
R-HSA-5173214	ADAMTS1
R-HSA-5173105	A4GNT
R-HSA-913709	A4GNT
R-HSA-1480926	AQP1
R-HSA-9858328	DHTKD1
R-HSA-8983711	ABCE1
R-HSA-9853506	DLD
R-HSA-9673163	PM20D1
R-HSA-381753	ADCY3
R-HSA-190704	GJA1
R-HSA-2559585	AGO1
R-HSA-6802957	ACTB
R-HSA-111885	ADCY1
R-HSA-419771	OPN1LW
R-HSA-68949	ADRM1
R-HSA-389397	HCRT
R-HSA-1852241	ACSS2
R-HSA-561048	SLC22A11
R-HSA-428643	SLC17A1
R-HSA-549127	RSC1A1
R-HSA-549132	RSC1A1
R-HSA-449836	CASP3
R-HSA-416700	CD72
R-HSA-5689896	APC
R-HSA-2559580	AGO1
R-HSA-1234176	ADRM1
R-HSA-417957	GPR17
R-HSA-141334	PAOX
R-HSA-5651801	APEX1
R-HSA-4086400	ADRM1
R-HSA-165160	AKT2
R-HSA-9674428	PDGFRA
R-HSA-9861559	DLAT
R-HSA-210990	FYN
R-HSA-381042	ASNS
R-HSA-1483255	ARF1
R-HSA-1483196	PITPNB
R-HSA-5654689	FGF1
R-HSA-5654695	FGF1
R-HSA-5654710	FGF1
R-HSA-5654720	FGF1
R-HSA-109704	AKT2
R-HSA-1963642	BTC
R-HSA-1250342	BTC
R-HSA-2219528	AKT1
R-HSA-198203	IRS1
R-HSA-6811555	EP300
R-HSA-6811558	AKT1
R-HSA-5205685	ATG12
R-HSA-1257604	ADRM1
R-HSA-5601884	ASZ1
R-HSA-163615	ADCY1
R-HSA-164378	ADCY1
R-HSA-111931	ADCY1
R-HSA-163358	MLXIPL
R-HSA-109703	AKT2
R-HSA-3214841	AEBP2
R-HSA-9833482	ADAR
R-HSA-112043	ADCY1
R-HSA-167021	NGF
R-HSA-1251932	EGF
R-HSA-110362	APEX1
R-HSA-2892247	DPPA4
R-HSA-2892245	CDX2
R-HSA-163767	MLXIPL
R-HSA-1989781	ABCA1
R-HSA-212300	AEBP2
R-HSA-5674404	PTEN
R-HSA-6807070	ADRM1
R-HSA-8849474	PTK6
R-HSA-8849472	PTK6
R-HSA-8849473	HIF1A
R-HSA-8849470	CCND1
R-HSA-8849468	KHDRBS1
R-HSA-8849471	ARHGAP35
R-HSA-8849469	AKT1
R-HSA-8857538	EGFR
R-HSA-171306	ACD
R-HSA-9753281	ABCC1
R-HSA-6802955	ACTB
R-HSA-9664407	ABI1
R-HSA-9824443	ABI1
R-HSA-432047	AQP1
R-HSA-167290	CCNT1
R-HSA-167238	CCNT1
R-HSA-71336	G6PD
R-HSA-6791465	RPIA
R-HSA-156902	EEF1A1
R-HSA-209952	CGA
R-HSA-2980736	ACE
R-HSA-375276	ACKR1
R-HSA-390918	ABCD1
R-HSA-9033241	ACAA1
R-HSA-9005895	BDNF
R-HSA-9664873	ATM
R-HSA-5576892	CACNA1C
R-HSA-5576894	KCND2
R-HSA-5576893	AKAP9
R-HSA-5576890	AKAP9
R-HSA-5576886	KCNJ12
R-HSA-211945	AADAC
R-HSA-156580	ABHD10
R-HSA-8963691	ASRGL1
R-HSA-8964208	ASRGL1
R-HSA-2160456	PAH
R-HSA-8850843	ENTPD2
R-HSA-2393930	NUDT1
R-HSA-5654219	FGF1
R-HSA-5654221	FGF1
R-HSA-5654227	FGF1
R-HSA-5654228	FGF1
R-HSA-1483257	ACHE
R-HSA-9931510	ARNTL
R-HSA-9931529	ARNTL
R-HSA-9931530	CDK5
R-HSA-202427	CD247
R-HSA-9931512	ARNTL
R-HSA-176417	CCNB1
R-HSA-69200	CCNE1
R-HSA-176412	ANAPC1
R-HSA-5578768	CES1
R-HSA-8963898	A2M
R-HSA-174824	A2M
R-HSA-8964043	AMN
R-HSA-8963899	ABCG1
R-HSA-75896	AGPS
R-HSA-75892	ADAMTS13
R-HSA-76009	ADRA2A
R-HSA-76002	A1BG
R-HSA-418360	ATP2A1
R-HSA-114608	A1BG
R-HSA-418346	APOB
R-HSA-432142	APOB
R-HSA-164525	PPIA
R-HSA-156711	CCNB1
R-HSA-69091	PCNA
R-HSA-174411	ACD
R-HSA-9764790	ARID1A
R-HSA-5250913	ACTB
R-HSA-438064	ACTN2
R-HSA-389977	TBCA
R-HSA-426496	AGO1
R-HSA-163125	ALPG
R-HSA-597592	A4GNT
R-HSA-8957275	ADAM10
R-HSA-9615933	AHCTF1
R-HSA-622327	CHRNA1
R-HSA-1296071	ABCC8
R-HSA-1296067	KCNJ1
R-HSA-9679191	ACE2
R-HSA-1912422	AGO1
R-HSA-1912420	ATP2A1
R-HSA-1912399	NOTCH1
R-HSA-1912408	AGO1
R-HSA-9757110	ABCB1
R-HSA-389957	ACTB
R-HSA-196108	AKR1B1
R-HSA-112308	CACNA1A
R-HSA-500657	GNB1
R-HSA-622323	CHRNA1
R-HSA-5693616	ATM
R-HSA-9636383	CORO1A
R-HSA-3215018	RWDD3
R-HSA-72203	AAAS
R-HSA-75067	CPSF1
R-HSA-5693607	ATM
R-HSA-77595	CPSF1
R-HSA-8949664	AFG3L2
R-HSA-174414	ACD
R-HSA-69183	DNA2
R-HSA-5357801	ACIN1
R-HSA-964827	MAN1A1
R-HSA-1170546	BTRC
R-HSA-70688	ALDH4A1
R-HSA-169893	BRAF
R-HSA-71032	MCEE
R-HSA-392851	GNAS
R-HSA-391908	PTGDR
R-HSA-9907900	ADRM1
R-HSA-391251	ACTB
R-HSA-9629569	ASPH
R-HSA-9857492	DBT
R-HSA-9609507	ABCD1
R-HSA-8876725	CALM1
R-HSA-5676934	MSRA
R-HSA-8852135	BCL10
R-HSA-6794362	APBA1
R-HSA-433692	BSG
R-HSA-427975	SLC15A3
R-HSA-74259	DNPH1
R-HSA-73817	ADSL
R-HSA-74217	ADA
R-HSA-9660826	APP
R-HSA-500753	CAD
R-HSA-73621	AGXT2
R-HSA-73614	CDA
R-HSA-71737	LHPP
R-HSA-5620971	BAK1
R-HSA-70268	DLAT
R-HSA-5365859	ADH1A
R-HSA-8876198	AKT1
R-HSA-8873719	CHM
R-HSA-9013149	ABI1
R-HSA-9013404	ABI1
R-HSA-9013423	ABI1
R-HSA-5673000	BRAF
R-HSA-112409	CDK1
R-HSA-5673001	ABHD17A
R-HSA-9649913	HRAS
R-HSA-9648002	ABHD17A
R-HSA-6802953	HRAS
R-HSA-8853659	DOK1
R-HSA-195258	ABI1
R-HSA-9012999	AAAS
R-HSA-5663220	ACTB
R-HSA-5668599	CYBA
R-HSA-5627117	CFL1
R-HSA-5666185	LIN7B
R-HSA-5663213	ABI1
R-HSA-5625900	CDKN1B
R-HSA-5626467	ACTB
R-HSA-5625970	CDC42
R-HSA-5627123	CALM1
R-HSA-5625740	AR
R-HSA-5627083	CFTR
R-HSA-8980692	AAAS
R-HSA-9013026	ABR
R-HSA-9706574	ACTG1
R-HSA-9013422	CCT2
R-HSA-9013418	ACTG1
R-HSA-9706019	CCNE1
R-HSA-9013106	ABCD3
R-HSA-9013405	ACTN1
R-HSA-9035034	ACTB
R-HSA-9013408	ANKLE2
R-HSA-9013407	ARHGDIA
R-HSA-9013409	ARHGAP1
R-HSA-9013406	ARHGAP1
R-HSA-9013425	MYO19
R-HSA-9013419	MFN1
R-HSA-9013420	ARHGAP30
R-HSA-9013424	ARHGAP12
R-HSA-1810476	CHUK
R-HSA-5213460	BIRC2
R-HSA-3214858	ACTL6A
R-HSA-77075	CCNH
R-HSA-167160	CCNH
R-HSA-73854	CBX3
R-HSA-73772	CBX3
R-HSA-73728	H2AFX
R-HSA-73864	CBX3
R-HSA-73762	CCNH
R-HSA-73863	CCNH
R-HSA-167162	CCNH
R-HSA-674695	AFF4
R-HSA-73776	CCNH
R-HSA-73857	ABL1
R-HSA-75955	AFF4
R-HSA-75953	CCNH
R-HSA-76042	CCNH
R-HSA-73779	CCNH
R-HSA-73856	ALYREF
R-HSA-749476	BDP1
R-HSA-73780	CRCP
R-HSA-74158	BDP1
R-HSA-76046	BDP1
R-HSA-76061	BDP1
R-HSA-76066	BDP1
R-HSA-76071	BDP1
R-HSA-73980	CRCP
R-HSA-6807505	CCNT1
R-HSA-9696273	ALDH3A2
R-HSA-9696270	ALDH3A2
R-HSA-9696264	ANKRD26
R-HSA-9010642	AKAP5
R-HSA-9933387	CARM1
R-HSA-1222556	ATP6V0A1
R-HSA-5659996	RPIA
R-HSA-6791461	RPIA
R-HSA-444257	MAPK1
R-HSA-9833110	AGRN
R-HSA-8877330	CR1
R-HSA-8939243	ACTL6A
R-HSA-8931987	AXIN1
R-HSA-8935964	CLDN5
R-HSA-8936459	AGO1
R-HSA-8939245	BLK
R-HSA-8939256	AXIN1
R-HSA-8939236	ABL1
R-HSA-8939242	CTSK
R-HSA-8939246	CREBBP
R-HSA-8939247	ELF1
R-HSA-8941326	ABL1
R-HSA-8941284	GLI2
R-HSA-8941332	AKT1
R-HSA-8941333	LGALS3
R-HSA-8940973	ABL1
R-HSA-8949275	ITGA4
R-HSA-8952158	BCL2L11
R-HSA-8941855	CDKN1A
R-HSA-8941856	CREBBP
R-HSA-8951911	RUNX1
R-HSA-8951430	CCND1
R-HSA-8951671	RUNX3
R-HSA-8951936	BRD2
R-HSA-9007101	AKT1
R-HSA-392517	PRKACA
R-HSA-442982	ACTN2
R-HSA-975578	CGA
R-HSA-975574	MGAT3
R-HSA-8934903	ATG12
R-HSA-388844	IL1RAP
R-HSA-110330	ACD
R-HSA-110328	ACD
R-HSA-110314	CUL4A
R-HSA-5693565	ABL1
R-HSA-380320	ACTR1A
R-HSA-380270	ACTR1A
R-HSA-159418	ABCB11
R-HSA-72731	EIF2B1
R-HSA-437239	ACTB
R-HSA-418359	ATP2A1
R-HSA-8866376	FYN
R-HSA-9669929	KIT
R-HSA-9674403	PDGFRA
R-HSA-5218859	BAK1
R-HSA-193692	ADAM17
R-HSA-3248023	TREX1
R-HSA-3371378	CASP8
R-HSA-176408	ADRM1
R-HSA-169911	ADRM1
R-HSA-9708530	BACH1
R-HSA-9764265	ACTA1
R-HSA-9764561	ACTA1
R-HSA-9764560	ARID1A
R-HSA-9764562	AGO1
R-HSA-9768727	ANK3
R-HSA-9759475	ADAM19
R-HSA-9762292	ADAM19
R-HSA-9762293	BHLHE22
R-HSA-9759811	AGO1
R-HSA-9764302	CDH19
R-HSA-977606	C1QA
R-HSA-9764274	ACTA1
R-HSA-9764260	ADAM19
R-HSA-9617629	CREBBP
R-HSA-4641263	FZD4
R-HSA-170822	AAAS
R-HSA-9707587	BACH1
R-HSA-3371453	AAAS
R-HSA-9759476	ACTA1
R-HSA-912694	IFNA1
R-HSA-877312	IFNG
R-HSA-381426	ADAM10
R-HSA-1433559	CBL
R-HSA-9022692	AGO1
R-HSA-9854909	CEACAM1
R-HSA-9854907	MITF
R-HSA-9825895	BRCA1
R-HSA-9824594	AGO1
R-HSA-9825892	CCNB1
R-HSA-9926550	CDH1
R-HSA-9857377	ASAH1
R-HSA-9824585	ACTB
R-HSA-9758274	CASP8
R-HSA-9818749	CREBBP
R-HSA-9768759	AGO1
R-HSA-9768777	KCNIP3
R-HSA-9768778	AGO1
R-HSA-211728	ARHGAP10
R-HSA-2565942	ACTR1A
R-HSA-8943724	ATF2
R-HSA-8948747	NEDD4
R-HSA-8943723	AGO1
R-HSA-8948751	ADRM1
R-HSA-5658442	ADRM1
R-HSA-8934593	AGO1
R-HSA-8939902	ADRM1
R-HSA-8941858	ADRM1
R-HSA-388841	AKT1
R-HSA-9824878	CD14
R-HSA-9828211	IKBKE
R-HSA-5686938	APOB
R-HSA-5357905	BIRC2
R-HSA-5633007	AKT1
R-HSA-6804758	AKT1
R-HSA-6804759	AKT1
R-HSA-6804760	ATM
R-HSA-6804756	ATM
R-HSA-6804757	AKT1
R-HSA-6804754	PRDM1
R-HSA-6806003	AKT1
R-HSA-2029482	ABI1
R-HSA-211733	ADRM1
R-HSA-186712	AKT1
R-HSA-1655829	ACACA
R-HSA-428542	DCC
R-HSA-8985801	NCK2
R-HSA-446388	ACTN1
R-HSA-9842860	ACTB
R-HSA-9843940	ATF7IP
R-HSA-9845323	ACTB
R-HSA-9843970	ATF7IP
R-HSA-9010553	ADRM1
R-HSA-191650	GJA1
R-HSA-1234158	ARNT
R-HSA-210745	AKT1
R-HSA-210747	FGF10
R-HSA-210746	INSM1
R-HSA-210744	CREBBP
R-HSA-9634600	PFKFB1
R-HSA-3134975	DDX41
R-HSA-422356	ABCC8
R-HSA-400206	ABCA1
R-HSA-9614399	AKT1
R-HSA-450531	ADRM1
R-HSA-453276	ADRM1
R-HSA-5675482	BIRC2
R-HSA-350562	ADRM1
R-HSA-204174	DLAT
R-HSA-9861718	DLAT
R-HSA-912631	BLNK
R-HSA-1433617	ACVR1B
R-HSA-9627069	APAF1
R-HSA-350864	DIO2
R-HSA-444821	INSL3
R-HSA-5362798	ADAM17
R-HSA-111457	BAK1
R-HSA-159782	BGLAP
R-HSA-69166	DNA2
R-HSA-174437	ACD
R-HSA-9821993	H2AFX
R-HSA-9682706	DDX5
R-HSA-9694686	DDX5
R-HSA-4641265	AXIN2
R-HSA-1474165	ACD
R-HSA-9665250	CDC37
R-HSA-9665249	CDC37
R-HSA-9665251	CDC37
R-HSA-9665246	CDC37
R-HSA-9665247	CDC37
R-HSA-9665244	CDC37
R-HSA-9665245	CDC37
R-HSA-9665233	CDC37
R-HSA-110373	APEX1
R-HSA-110381	APEX1
R-HSA-73933	APEX1
R-HSA-5693537	ATM
R-HSA-5693568	ATM
R-HSA-5693554	ATM
R-HSA-2500257	AHCTF1
R-HSA-9820952	AGRN
R-HSA-611105	ACAD9
R-HSA-9820960	AGRN
R-HSA-9820965	CSNK2A1
R-HSA-9834752	HSP90AA1
R-HSA-9828642	HSPA8
R-HSA-9648895	ASNS
R-HSA-9633012	ASNS
R-HSA-9637690	ATP6V1H
R-HSA-9860931	ABL1
R-HSA-76005	A1BG
R-HSA-5660526	CSRP1
R-HSA-2453864	ABCA4
R-HSA-975634	AGRN
R-HSA-6809583	RBP4
R-HSA-177504	AP2A1
R-HSA-6811440	ARFIP2
R-HSA-888593	SLC6A1
R-HSA-165054	AAAS
R-HSA-73943	ALKBH2
R-HSA-162589	PPIA
R-HSA-1475029	CA1
R-HSA-9037628	RHD
R-HSA-444411	RHAG
R-HSA-9755088	ADA
R-HSA-72702	EIF1AX
R-HSA-428890	ABL1
R-HSA-2730905	FCER1A
R-HSA-2029485	AHCYL1
R-HSA-418890	DCC
R-HSA-69242	ADRM1
R-HSA-9679506	AAAS
R-HSA-9679514	DDX5
R-HSA-9678108	ACE2
R-HSA-9692916	BST2
R-HSA-9735869	EEF1A1
R-HSA-9692912	MPP5
R-HSA-9735871	CAV1
R-HSA-9692914	BCL2L1
R-HSA-9692913	BCL2L1
R-HSA-9694682	DDX5
R-HSA-9694516	AAAS
R-HSA-9705671	AAAS
R-HSA-9754560	MAP1LC3B
R-HSA-9754678	DDX20
R-HSA-9705677	CRB3
R-HSA-9755779	AKT1
R-HSA-9705683	AAAS
R-HSA-187577	ADRM1
R-HSA-174113	ADRM1
R-HSA-373756	SDK2
R-HSA-399955	FARP2
R-HSA-5654688	FGF1
R-HSA-5654699	FGF1
R-HSA-5654704	FGF1
R-HSA-5654719	FGF1
R-HSA-2428933	GRB2
R-HSA-180336	BTC
R-HSA-1250196	BTC
R-HSA-1250347	BTC
R-HSA-9726840	BRAF
R-HSA-427359	H2AFX
R-HSA-77588	NCBP1
R-HSA-111367	NCBP1
R-HSA-5619102	AAAS
R-HSA-425407	AHCYL2
R-HSA-9860276	CHUK
R-HSA-8985586	MYO9B
R-HSA-111463	APAF1
R-HSA-111464	APAF1
R-HSA-111469	APAF1
R-HSA-3315487	SMAD2
R-HSA-3304356	SMAD2
R-HSA-2173796	CCNC
R-HSA-3311021	SMAD2
R-HSA-112412	GRB2
R-HSA-1799339	DDOST
R-HSA-9701898	CD274
R-HSA-9645135	FLT3
R-HSA-9702518	BCL2L1
R-HSA-3249367	STAT6
R-HSA-1834941	DDX41
R-HSA-3108232	AAAS
R-HSA-3065676	SAE1
R-HSA-3065679	SENP1
R-HSA-3065678	RWDD3
R-HSA-2990846	AAAS
R-HSA-3108214	AAAS
R-HSA-4655427	BMI1
R-HSA-4615885	AAAS
R-HSA-4570464	AAAS
R-HSA-4085377	AAAS
R-HSA-4551638	AAAS
R-HSA-4755510	EIF2AK2
R-HSA-4090294	AR
R-HSA-9793242	RANGAP1
R-HSA-3899300	BMI1
R-HSA-3232118	CDKN2A
R-HSA-3232142	AAAS
R-HSA-9932451	ACTB
R-HSA-3000480	APOA1
R-HSA-3000471	APOA1
R-HSA-3000484	APOB
R-HSA-3000497	APOB
R-HSA-2168880	ALB
R-HSA-9668328	CC2D1B
R-HSA-9663891	ARL13B
R-HSA-2408522	AHCY
R-HSA-2408557	EEFSEC
R-HSA-399954	CFL1
R-HSA-400685	ARHGAP35
R-HSA-416572	ARHGEF11
R-HSA-416550	ARHGAP35
R-HSA-373755	ARHGAP35
R-HSA-2559582	ANAPC1
R-HSA-5693548	ATM
R-HSA-9709957	ABCA4
R-HSA-9730628	CALHM3
R-HSA-9729555	KCNJ2
R-HSA-9717207	CALHM3
R-HSA-9717189	CALHM3
R-HSA-9659379	ACTB
R-HSA-9662360	ACTB
R-HSA-9662361	ACTB
R-HSA-2467813	ADRM1
R-HSA-977347	PHGDH
R-HSA-181429	CPLX1
R-HSA-209931	AANAT
R-HSA-380615	ALDH2
R-HSA-390666	HTR1A
R-HSA-3282872	G6PC3
R-HSA-4085001	CMAS
R-HSA-162582	AAAS
R-HSA-392518	AAMP
R-HSA-74749	GRB10
R-HSA-391160	CD47
R-HSA-445144	CSNK2A1
R-HSA-201556	ALK
R-HSA-9725370	AGO1
R-HSA-9700206	AGO1
R-HSA-4839748	AMER1
R-HSA-4839744	AMER1
R-HSA-4839735	AMER1
R-HSA-1502540	ACVR1B
R-HSA-201451	ACVR2A
R-HSA-6802952	ACTB
R-HSA-9680350	CBL
R-HSA-9674555	CSF3
R-HSA-4839743	AMER1
R-HSA-177929	AAMP
R-HSA-1643713	BTC
R-HSA-5637812	CBL
R-HSA-1227986	AKT1
R-HSA-9665348	CDC37
R-HSA-9664565	BTC
R-HSA-9665686	BTC
R-HSA-1227990	BTC
R-HSA-1236394	ADAM17
R-HSA-9006335	CRKL
R-HSA-190236	ANOS1
R-HSA-1226099	BAG4
R-HSA-5654736	ANOS1
R-HSA-1839120	FGFR1
R-HSA-5655302	BAG4
R-HSA-5654738	BRAF
R-HSA-8851708	FGF1
R-HSA-2023837	FGFR2
R-HSA-8853333	FGFR2
R-HSA-5655253	FGF1
R-HSA-5654741	BRAF
R-HSA-8853334	FGFR3
R-HSA-5655332	FGF1
R-HSA-5654743	BRAF
R-HSA-5655291	FGFR4
R-HSA-9703648	BCL2L1
R-HSA-9703465	CDKN1A
R-HSA-372790	ABHD12
R-HSA-5339716	AMER1
R-HSA-5358351	ADAM17
R-HSA-2028269	AMOT
R-HSA-74752	AKT2
R-HSA-449147	ADRM1
R-HSA-9669938	FYN
R-HSA-5339717	LRP5
R-HSA-9842663	GRB2
R-HSA-9842640	CLIP1
R-HSA-2586552	IRS1
R-HSA-5637815	CBL
R-HSA-9652169	MAP2K1
R-HSA-9652817	DUSP10
R-HSA-6806834	ARF6
R-HSA-9660537	BRAF
R-HSA-8852405	HPN
R-HSA-1181150	ACVR1B
R-HSA-157118	ACTA2
R-HSA-1980143	ADAM10
R-HSA-2691230	ADAM10
R-HSA-2894858	ADAM10
R-HSA-2644602	ADAM10
R-HSA-2644603	ADAM10
R-HSA-2660825	ADAM10
R-HSA-1980145	ADAM10
R-HSA-9012852	ADAM10
R-HSA-9013694	ACTA2
R-HSA-187037	ADCYAP1
R-HSA-9006115	BDNF
R-HSA-9034015	BAX
R-HSA-166520	ADCYAP1
R-HSA-9006927	AKT1
R-HSA-9006931	ABCA1
R-HSA-5638302	BTC
R-HSA-186797	BCAR1
R-HSA-9671555	BIN2
R-HSA-9673770	GRB2
R-HSA-9673767	GRB2
R-HSA-8848021	AKT1
R-HSA-9656223	ACTB
R-HSA-9753510	HRAS
R-HSA-9753512	HRAS
R-HSA-6802949	ACTB
R-HSA-5340588	FZD4
R-HSA-376176	ABL1
R-HSA-9006934	AAMP
R-HSA-5362517	ADH1A
R-HSA-194315	AAAS
R-HSA-9716542	AAAS
R-HSA-1433557	CBL
R-HSA-5339700	CTBP1
R-HSA-170834	ARHGEF18
R-HSA-3304351	FKBP1A
R-HSA-9006936	ACVR1B
R-HSA-9839373	ACVR2A
R-HSA-2404192	AKT2
R-HSA-194138	AAMP
R-HSA-195721	ADRM1
R-HSA-4791275	AMER1
R-HSA-1839122	FGF1
R-HSA-1839130	FGF1
R-HSA-1839117	BCR
R-HSA-9673766	FIP1L1
R-HSA-9680187	KIT
R-HSA-6802948	ACTB
R-HSA-9669935	KIT
R-HSA-9669933	KIT
R-HSA-9673768	BIN2
R-HSA-6802946	ACTB
R-HSA-9670439	FYN
R-HSA-8853336	BAG4
R-HSA-983705	ADRM1
R-HSA-9649948	ACTB
R-HSA-198765	MAP2K5
R-HSA-187687	BRAF
R-HSA-167044	GRB2
R-HSA-198745	NGF
R-HSA-187706	BRAF
R-HSA-426486	AGO1
R-HSA-445355	ACTA2
R-HSA-427652	SLC20A1
R-HSA-433137	SLC13A2
R-HSA-425561	CALM1
R-HSA-425986	SLC9A1
R-HSA-9824272	ADRM1
R-HSA-9669936	KIT
R-HSA-9674404	PDGFRA
R-HSA-9827857	BMP4
R-HSA-9834899	BMP4
R-HSA-1300642	CATSPER1
R-HSA-9845614	ACER1
R-HSA-1660661	ABCC1
R-HSA-428157	A4GALT
R-HSA-1295596	BRAF
R-HSA-69541	ADRM1
R-HSA-211994	CYP8B1
R-HSA-211736	CASP3
R-HSA-2672351	ANO1
R-HSA-9913635	LIG3
R-HSA-390522	ACTA1
R-HSA-1614517	ETHE1
R-HSA-1614635	ADI1
R-HSA-9669934	KIT
R-HSA-9674401	PDGFRA
R-HSA-9635465	CTSG
R-HSA-9636569	DUSP16
R-HSA-9637687	ATP6V1H
R-HSA-5683826	ABCA3
R-HSA-69052	ADRM1
R-HSA-8849932	DLG1
R-HSA-3000170	ACTN1
R-HSA-174495	MVB12A
R-HSA-171286	FURIN
R-HSA-2142816	CYP1A1
R-HSA-2142712	ALOX12
R-HSA-2142770	ALOX15
R-HSA-2142688	ALOX5
R-HSA-1483076	CRLS1
R-HSA-69239	ADRM1
R-HSA-446205	GMPPA
R-HSA-2142696	ALOX12
R-HSA-1855183	IMPA1
R-HSA-1855204	CALM1
R-HSA-1855231	MINPP1
R-HSA-1855191	IP6K1
R-HSA-77111	AACS
R-HSA-2142691	ABCC1
R-HSA-1483166	ACP6
R-HSA-1483191	ACHE
R-HSA-1483213	CEPT1
R-HSA-1483148	CDS2
R-HSA-1483226	CDIPT
R-HSA-1483248	MTMR2
R-HSA-1660514	ARF1
R-HSA-1660516	FIG4
R-HSA-1660517	FIG4
R-HSA-1660499	ARF1
R-HSA-8847453	PIP4K2B
R-HSA-1483101	PTDSS1
R-HSA-2162123	AKR1C3
R-HSA-446210	GFPT1
R-HSA-8866652	CDC34
R-HSA-192105	ABCB11
R-HSA-193775	AKR1C1
R-HSA-193807	AKR1C1
R-HSA-193368	ABCB11
R-HSA-5358493	DPH1
R-HSA-446199	DOLK
R-HSA-162699	DPM1
R-HSA-480985	ALG5
R-HSA-2142670	CYP1A1
R-HSA-162710	DPM2
R-HSA-1855167	IP6K1
R-HSA-446219	ALG5
R-HSA-75876	ACSF3
R-HSA-422085	ACHE
R-HSA-381771	CDX2
R-HSA-400511	DPP4
R-HSA-445989	AGER
R-HSA-6791462	TALDO1
R-HSA-6791055	TALDO1
R-HSA-8854214	ARF6
R-HSA-201681	ADRM1
R-HSA-202403	ADRM1
R-HSA-5221030	TDG
R-HSA-8866911	CDKN1A
R-HSA-8866910	ATAD2
R-HSA-8866906	CITED2
R-HSA-8869496	HSPD1
R-HSA-2173789	BAMBI
R-HSA-2173791	ARHGEF18
R-HSA-3656532	SMAD2
R-HSA-3656535	FKBP1A
R-HSA-3645790	TGFB1
R-HSA-3642279	TGFB1
R-HSA-9839383	APH1A
R-HSA-9839394	AGO1
R-HSA-9839397	FGF2
R-HSA-9839389	ARRB1
R-HSA-9839406	ACVR2A
R-HSA-5602566	TICAM1
R-HSA-168927	BIRC2
R-HSA-9014325	MAP3K7
R-HSA-9013973	IKBKE
R-HSA-5602410	TLR3
R-HSA-9013957	CASP8
R-HSA-5676594	BIRC2
R-HSA-75893	ADAM17
R-HSA-5357956	BIRC2
R-HSA-5357786	BIRC2
R-HSA-5626978	NSMAF
R-HSA-5668541	ADRM1
R-HSA-5669034	CD27
R-HSA-5628897	AGO1
R-HSA-6803207	APAF1
R-HSA-6791312	ARID3A
R-HSA-5633008	AIFM2
R-HSA-6796648	ATF2
R-HSA-6803211	FAS
R-HSA-6803204	AIFM2
R-HSA-6804116	ARID3A
R-HSA-6804114	AURKA
R-HSA-6804115	CDC25C
R-HSA-6803205	BCL2L14
R-HSA-5602571	TICAM1
R-HSA-918233	CREBBP
R-HSA-933541	CREBBP
R-HSA-975110	IRAK1
R-HSA-933542	AGER
R-HSA-975138	AGER
R-HSA-937072	CD14
R-HSA-75158	CASP10
R-HSA-937061	AGER
R-HSA-2562578	CASP8
R-HSA-187042	NGF
R-HSA-3295583	MCOLN1
R-HSA-1299503	KCNK4
R-HSA-1299361	KCNK16
R-HSA-1299344	KCNK18
R-HSA-1299316	KCNK3
R-HSA-9033500	ACAA1
R-HSA-380095	TAC1
R-HSA-1299308	KCNK1
R-HSA-1296346	KCNK1
R-HSA-167243	CCNT1
R-HSA-167246	CCNH
R-HSA-174417	ACD
R-HSA-174430	ACD
R-HSA-171319	ACD
R-HSA-157579	ACD
R-HSA-166665	C5
R-HSA-977068	MUC1
R-HSA-5656169	ISG15
R-HSA-1474151	AKT1
R-HSA-844615	AIM2
R-HSA-9931521	ARNTL
R-HSA-844623	CASP1
R-HSA-844455	BCL2
R-HSA-844456	APP
R-HSA-1663150	ARSA
R-HSA-2453902	ABCA4
R-HSA-167826	SLC25A14
R-HSA-2514856	CALM1
R-HSA-2187335	DHRS3
R-HSA-8852276	ADRM1
R-HSA-164952	AP1B1
R-HSA-456926	ARRB1
R-HSA-428930	AAMP
R-HSA-209968	CGA
R-HSA-210993	ANGPT1
R-HSA-420029	CLDN1
R-HSA-168142	AGER
R-HSA-181438	AGER
R-HSA-168164	AGER
R-HSA-166016	AGER
R-HSA-168176	AGER
R-HSA-168181	AGER
R-HSA-168138	AGER
R-HSA-168179	AGER
R-HSA-168188	AGER
R-HSA-168898	AGER
R-HSA-5250968	SNAP25
R-HSA-5250958	SYT1
R-HSA-5250971	SNAP25
R-HSA-5250955	SV2A
R-HSA-5250992	SNAP25
R-HSA-5250981	SV2A
R-HSA-5250989	SYT1
R-HSA-5250982	VAMP2
R-HSA-1679131	CNPY3
R-HSA-399719	AKAP5
R-HSA-416993	AP2A1
R-HSA-5624138	NPHP3
R-HSA-75944	MTERF1
R-HSA-1362277	CDC25A
R-HSA-1362300	CCNA2
R-HSA-167172	CCNH
R-HSA-6781827	AQR
R-HSA-69895	CDKN1A
R-HSA-8953750	APAF1
R-HSA-8986944	AGO1
R-HSA-9634815	AGO1
R-HSA-3700989	AGO1
R-HSA-8853884	AGO1
R-HSA-2151201	ACSS2
R-HSA-69560	CDKN1A
R-HSA-2173793	ATP1B4
R-HSA-9856649	AIMP1
R-HSA-8878171	ABL1
R-HSA-8878166	ABL1
R-HSA-8878159	ADRM1
R-HSA-5578749	AAAS
R-HSA-8864260	APOE
R-HSA-9843743	BMP7
R-HSA-9844594	BMP7
R-HSA-9616222	CDK2
R-HSA-452723	CDX2
R-HSA-9690406	AMH
R-HSA-381340	ADIPOQ
R-HSA-166020	CD14
R-HSA-917977	ATP6AP1
R-HSA-72766	AARS2
R-HSA-72649	EIF1AX
R-HSA-9679504	BECN1
R-HSA-9694676	BECN1
R-HSA-9683701	CANX
R-HSA-9694635	CANX
R-HSA-110320	NPLOC4
R-HSA-5656121	MAD2L2
R-HSA-5655862	MAD2L2
R-HSA-110312	MAD2L2
R-HSA-110313	ISG15
R-HSA-1445148	ACTB
R-HSA-202430	CD247
R-HSA-112315	ABAT
R-HSA-112307	GJA10
R-HSA-174362	PAPSS1
R-HSA-72202	AAAS
R-HSA-159231	AAAS
R-HSA-159236	AAAS
R-HSA-159234	AAAS
R-HSA-9758890	ABCC1
R-HSA-168271	AAAS
R-HSA-425366	BSG
R-HSA-190827	GJA1
R-HSA-190872	GJA1
R-HSA-804914	APOD
R-HSA-159763	BGLAP
R-HSA-432030	AQP7
R-HSA-425393	AHCYL2
R-HSA-83936	ARL2BP
R-HSA-727802	SLC35A1
R-HSA-879518	AVP
R-HSA-382551	A2M
R-HSA-159230	AAAS
R-HSA-159227	AAAS
R-HSA-425397	APOD
R-HSA-948021	ACTR10
R-HSA-75109	AGMO
R-HSA-163560	ABHD5
R-HSA-8979227	ABHD5
R-HSA-450513	DCP1A
R-HSA-5467348	AMER1
R-HSA-71240	AADAT
R-HSA-9860927	ABL1
R-HSA-446107	CD151
R-HSA-427589	SLC34A1
R-HSA-8963684	FAH
R-HSA-5689603	ACTB
R-HSA-5602415	TLR3
R-HSA-5689880	ADRB2
R-HSA-2142789	COQ2
R-HSA-69601	ADRM1
R-HSA-75815	ADRM1
R-HSA-438066	ACTN2
R-HSA-162585	PPIA
R-HSA-381119	ACADVL
R-HSA-176974	CDC45
R-HSA-5339562	ANTXR1
R-HSA-5210891	ANTXR1
R-HSA-5336415	CD9
R-HSA-9758881	ABCD4
R-HSA-70635	ARG1
R-HSA-77108	ACAT1
R-HSA-195399	FLT1
R-HSA-194313	FLT1
R-HSA-4420097	ABI1
R-HSA-5218921	AHCYL1
R-HSA-5218920	AKT1
R-HSA-8866423	APOB
R-HSA-8964046	APOB
R-HSA-8866427	AP2A1
R-HSA-432040	ADCY1
R-HSA-388479	AVP
R-HSA-5653656	AAK1
R-HSA-180585	ADRM1
R-HSA-9824446	AAAS
R-HSA-168325	AAAS
R-HSA-168330	HSPA1A
R-HSA-192823	DNAJC3
R-HSA-168268	CALR
R-HSA-2187338	ABCA4
R-HSA-196819	SLC19A2
R-HSA-196843	ACP5
R-HSA-199220	AASDHPPT
R-HSA-964975	AOX1
R-HSA-196836	CYB5A
R-HSA-196791	CUBN
R-HSA-8877627	TTPA
R-HSA-211916	CYP24A1
R-HSA-1296072	KCNA1
R-HSA-180897	SLC25A4
R-HSA-180910	AAAS
R-HSA-180534	ADRM1
R-HSA-5620916	ARF4
R-HSA-3238698	PORCN
R-HSA-201688	CSNK1E
R-HSA-9673324	CYBA
R-HSA-5140745	AP2A1
R-HSA-5099900	AP2A1
R-HSA-8848584	AGPS
R-HSA-9640463	FAR1
R-HSA-5545619	TNKS
R-HSA-381038	ACADVL
R-HSA-211981	AHR
R-HSA-2032785	GATA4
R-HSA-9820865	EIF4A1
R-HSA-1606322	CHUK
R-HSA-435368	SLC30A1
R-HSA-442380	SLC39A1
R-HSA-435354	SLC30A1
R-HSA-9819196	CREBBP
R-HSA-450302	IKBKG
R-HSA-9717316	ALK
R-HSA-2046104	ABCD1
R-HSA-2046106	ABCD1
R-HSA-1307965	FGF19
R-HSA-9717319	ALK
R-HSA-418457	ITPR1
R-HSA-9717323	ALK
R-HSA-9702581	FLT3
R-HSA-9717326	ALK
R-HSA-203615	AKT1
R-HSA-9702590	FLT3
R-HSA-9702596	FLT3
R-HSA-9702998	FLT3
R-HSA-9717329	ALK
R-HSA-72187	ALYREF
R-HSA-72086	CCNH
R-HSA-75072	A1CF
R-HSA-75064	ADAR
R-HSA-72200	A1CF
R-HSA-72172	ACIN1
R-HSA-72163	ACIN1
R-HSA-72165	DDX23
R-HSA-429958	DCPS
R-HSA-430039	DCP1A
R-HSA-166208	AKT1S1
R-HSA-9702600	FLT3
R-HSA-77286	ACADL
R-HSA-77288	ACADL
R-HSA-372708	APBB1IP
R-HSA-171007	HRAS
R-HSA-69563	ADRM1
R-HSA-69580	ADRM1
R-HSA-69613	ADRM1
R-HSA-193704	AATF
R-HSA-193670	HDAC1
R-HSA-209543	IKBKB
R-HSA-193697	ARHGDIA
R-HSA-193639	IKBKB
R-HSA-9702605	FLT3
R-HSA-111995	MAPK1
R-HSA-9702614	FLT3
R-HSA-9702620	FLT3
R-HSA-6793080	FASTKD2
R-HSA-6790901	BMS1
R-HSA-72312	BMS1
R-HSA-8868766	ELAC2
R-HSA-8868773	BMS1
R-HSA-9702577	FLT3
R-HSA-191859	AAAS
R-HSA-9702624	FLT3
R-HSA-9702632	FLT3
R-HSA-2033515	FGFR3
R-HSA-379724	AARS2
R-HSA-6787450	GTPBP3
R-HSA-6782315	ALKBH8
R-HSA-72306	AAAS
R-HSA-6785470	ELAC2
R-HSA-6784531	AAAS
R-HSA-9708296	ANG
R-HSA-9703009	FLT3
R-HSA-9702636	FLT3
R-HSA-199992	ACBD3
R-HSA-192814	PARP1
R-HSA-192905	HSP90AA1
